Nome do Reposit�rio,Estrelas,Tamanho (LOC),Coment�rios,Releases,Maturidade (anos)
JavaGuide,146003,236,58,0,6.38
GitHub-Chinese-Top-Charts,98919,285,0,0,5.05
hello-algo,95671,64,4,8,1.88
java-design-patterns,89400,500,7,0,10.12
mall,77356,126,26,3,6.47
advanced-java,75732,126,27,1,5.96
LeetCodeAnimation,75326,0,0,0,5.79
spring-boot,74559,0,0,286,11.93
elasticsearch,69591,0,0,155,14.62
interviews,63370,401,49,0,7.6
Java,58697,9,4,0,8.19
spring-framework,56244,11,9,312,13.79
ghidra,50662,97,15,38,5.56
guava,50026,94,6,46,10.32
RxJava,47838,370,47,234,11.7
Stirling-PDF,42362,251,28,85,1.65
jadx,41037,177,8,29,11.52
dubbo,40367,106,21,104,12.26
JeecgBoot,40102,322,28,48,5.82
dbeaver,39338,43,7,207,8.92
MPAndroidChart,37544,129,3,44,10.41
tutorials,36510,73,1,0,11.4
arthas,35394,311,30,55,6.06
hello-algorithm,35178,166,7,0,4.32
lottie-android,34970,31,6,52,7.96
termux-app,34882,138,26,91,8.92
glide,34590,161,0,47,11.21
halo,33301,42,7,190,6.51
netty,33294,45,5,0,13.87
AndroidUtilCode,33241,38,9,117,8.15
spring-boot-demo,32890,115,12,0,6.87
zxing,32670,65,10,31,12.95
easyexcel,32019,122,14,14,6.62
NewPipe,31088,99,9,131,9.05
leetcode,30948,170,20,20,6.02
selenium,30227,337,34,98,11.69
spring-boot-examples,30166,38,1,0,7.88
nacos,30053,133,16,71,6.27
apollo,29058,499,17,40,8.55
hutool,28947,138,20,145,10.45
kafka,28413,178,38,0,13.11
canal,28353,72,10,31,11.69
SpringAll,28237,0,0,0,6.39
druid,27900,17,2,51,12.89
spring-cloud-alibaba,27812,82,11,42,6.81
xxl-job,27388,766,8,33,8.82
vhr,27295,129,37,0,6.72
JCSprout,27067,86,11,0,6.76
ruoyi-vue-pro,26785,247,30,28,3.66
miaosha,26189,8,0,0,6.02
fastjson,25722,53,8,84,12.89
butterknife,25562,93,0,0,11.55
toBeTopJavaer,25295,25,6,0,5.91
incubator-seata,25224,236,19,41,5.73
proxyee-down,24937,26,10,49,6.91
SmartRefreshLayout,24894,253,29,12,7.31
Telegram,24788,21,5,94,10.91
EventBus,24664,88,0,7,12.19
Hystrix,24071,131,22,79,11.84
flink,23858,80,13,0,10.3
skywalking,23715,44,9,60,8.88
gson,23274,74,13,7,9.51
redisson,23211,162,20,154,10.7
libgdx,23161,18,7,11,12.12
jenkins,22993,40,9,367,13.84
bazel,22992,37,5,153,10.28
keycloak,22364,25,11,63,11.23
Sentinel,22323,113,16,25,6.47
Mindustry,22150,32,10,160,7.4
source-code-hunter,22000,214,57,0,4.9
ExoPlayer,21703,11,1,28,10.28
openapi-generator,21349,1048,53,66,6.36
FizzBuzzEnterpriseEdition,21234,21,3,0,11.83
eladmin,21209,72,10,1,5.77
rocketmq,21090,177,21,19,7.81
graal,20256,78,5,32,8.69
GSYVideoPlayer,20099,220,34,47,7.86
DoKit,20090,213,20,10,6.11
RxAndroid,19886,84,9,20,10.1
HikariCP,19870,420,29,0,10.96
Apktool,19869,32,7,23,12.51
shardingsphere,19793,123,23,56,8.68
mybatis-3,19698,53,0,43,11.6
jdk,19436,8,1,0,6.01
litemall,19121,130,14,8,6.5
SpringBoot-Labs,18980,233,55,0,6.03
PhotoView,18771,71,7,5,12.19
SmartTube,18679,185,55,495,4.15
cat,18635,62,15,3,11.8
SpringCloudLearning,17847,94,11,0,7.46
dataease,17410,58,9,82,3.63
disruptor,17366,0,0,14,12.01
awesome-system-design-resources,17305,136,14,0,0.91
thingsboard,17251,20,6,61,7.81
LSPosed,17212,34,11,39,3.78
tinker,17137,95,10,57,8.04
Algorithms,17119,226,29,0,7.52
APIJSON,17099,559,43,100,7.84
intellij-community,17094,62,9,0,12.98
fresco,17072,24,5,51,9.56
antlr4,16993,70,7,31,14.64
zipkin,16936,154,25,92,12.3
DSA-Bootcamp-Java,16920,4,1,0,3.15
Android-Universal-Image-Loader,16786,105,14,0,12.82
java8-tutorial,16726,528,38,0,10.52
zheng,16663,309,35,0,7.97
analysis-ik,16488,156,7,208,12.77
JustAuth,16402,192,20,45,5.64
mybatis-plus,16296,95,6,31,8.1
material-components-android,16278,31,5,97,7.8
springboot-learning-example,16231,67,16,0,7.62
Sa-Token,16169,155,7,33,4.63
Grasscutter,16163,61,8,20,2.43
conductor,16144,41,15,11,0.79
yudao-cloud,16087,250,30,14,5.39
presto,15923,68,12,0,12.12
DataX,15785,128,16,7,6.68
BigData-Notes,15750,149,16,0,5.54
caffeine,15729,140,4,68,9.78
SpringBoot-Learning,15697,19,3,0,8.09
Android-CleanArchitecture,15514,49,1,0,10.1
VirtualXposed,15367,49,6,50,6.81
Chat2DB,14885,68,19,38,1.25
mockito,14819,54,7,211,11.94
hadoop,14654,0,0,0,10.07
bytecode-viewer,14611,70,17,59,9.94
CircleImageView,14555,106,0,0,10.68
flink-learning,14493,586,11,0,5.72
ARouter,14444,436,14,16,7.77
QMUI_Android,14420,13,8,35,7.42
tech-interview-for-developer,14387,253,16,0,5.29
questdb,14354,354,15,85,10.4
vert.x,14254,33,4,0,13.27
pulsar,14133,159,25,90,8.24
Arduino,14122,61,7,37,14.02
jd-gui,13943,44,9,18,9.5
logger,13816,98,10,16,9.51
deeplearning4j,13610,64,10,0,10.82
jib,13607,52,10,161,6.66
quarkus,13576,30,5,334,6.21
Luban,13558,82,11,6,8.16
Material-Animations,13529,423,29,0,9.54
spring-analysis,13510,8,2,0,8.04
tink,13476,134,9,21,10.3
AndroidAutoSize,13459,166,24,14,6.1
zuul,13448,45,2,9,11.53
Android-PickerView,13444,243,28,0,9.74
druid,13412,73,10,61,11.92
pinpoint,13380,125,10,58,9.93
PictureSelector,13254,351,9,116,7.72
Ehviewer_CN_SXJ,13199,127,110,87,3.87
onedev,13191,0,0,355,5.88
piggymetrics,13177,144,28,2,9.48
neo4j,13143,0,0,72,11.86
mall-learning,12928,108,14,0,5.45
banner,12865,240,19,0,8.42
conductor,12829,60,14,319,7.79
lombok,12828,12,1,0,15.29
mit-deep-learning-book-pdf,12734,42,5,3,7.46
Java,12714,2,2,0,8.83
supertokens-core,12697,209,19,76,4.71
dolphinscheduler,12693,48,8,52,5.56
stetho,12667,95,9,13,9.67
greenDAO,12627,77,3,8,12.92
Matisse,12518,81,12,15,7.44
zaproxy,12514,16,1,10,9.3
guice,12465,48,0,19,10.32
AndroidViewAnimations,12422,48,19,9,10.25
eureka,12370,20,0,149,12.16
AndroidSwipeLayout,12368,48,10,18,10.08
doris,12337,122,27,56,7.12
spring-boot-admin,12335,52,9,122,10.16
dex2jar,12223,24,5,8,9.52
languagetool,12207,68,7,0,11.13
Mybatis-PageHelper,12178,117,17,14,10.29
zookeeper,12153,35,4,0,15.5
COLA,11884,87,15,11,6.62
uCrop,11854,127,27,17,8.72
VasSonic,11815,53,8,10,7.14
jedis,11796,97,14,107,14.29
mall-swarm,11691,104,20,3,4.82
matrix,11574,540,63,16,5.78
fullstack-tutorial,11547,195,19,0,6.44
metersphere,11494,74,9,166,4.63
cryptomator,11482,56,16,178,10.64
realm-java,11450,182,20,0,12.43
webmagic,11377,94,9,26,11.42
grpc-java,11366,232,3,167,9.79
CtCI-6th-Edition,11290,36,6,0,9.23
ImmersionBar,11268,295,32,0,7.43
android-interview-questions,11267,513,50,0,7.2
PermissionsDispatcher,11222,95,8,40,9.1
interview,11080,21,0,0,10.18
SlidingMenu,11079,162,0,0,12.23
androidannotations,11064,7,3,0,12.72
FlycoTabLayout,11050,78,8,4,8.87
newbee-mall,11030,134,9,0,5.0
FileDownloader,11017,96,12,65,8.75
SmarterStreaming,10922,446,10,0,8.49
jsoup,10882,30,7,14,14.76
cas,10866,86,8,276,13.04
javapoet,10808,720,20,0,11.64
vlayout,10801,100,18,34,7.57
OpenRefine,10797,29,9,60,11.94
platform_frameworks_base,10631,0,0,0,15.92
android-async-http,10631,79,0,3,13.59
okhttp-OkGo,10593,92,20,14,8.69
kkFileView,10540,145,9,15,6.78
RxPermissions,10481,117,7,11,8.98
Java-WebSocket,10472,0,0,18,14.67
JiaoZiVideoPlayer,10467,4,0,78,8.63
debezium,10454,94,22,0,8.67
clojure,10441,0,0,0,14.24
jvm,10415,49,7,0,6.25
auto,10415,33,4,66,11.34
plantuml,10330,68,11,45,13.89
MVPArms,10276,81,10,25,8.13
trino,10210,76,9,0,5.67
jjwt,10208,0,0,7,10.03
VirtualApp,10158,794,10,0,8.21
ViewPagerIndicator,10137,91,0,0,13.14
pkl,10131,0,0,8,0.67
Activiti,10077,102,8,969,12.03
glide-transformations,9899,94,15,0,9.7
easypermissions,9860,154,8,12,8.75
paascloud-master,9833,120,10,0,6.52
AVLoadingIndicatorView,9745,109,13,1,8.91
JsBridge,9736,134,11,0,9.57
Fragmentation,9719,78,10,30,8.58
MagicIndicator,9714,164,6,12,8.24
Paper,9699,68,3,1,8.67
datahub,9687,130,16,88,8.85
resilience4j,9678,0,0,34,9.31
xManager,9657,98,2,49,3.62
Android-ObservableScrollView,9651,58,12,0,9.87
CoreNLP,9647,65,10,16,11.24
spark,9635,342,0,0,13.39
react-native-camera,9634,8,2,144,9.48
android-Ultra-Pull-To-Refresh,9584,235,14,8,9.86
spring-boot-api-project-seed,9580,34,6,4,7.25
DanmakuFlameMaster,9544,43,6,5,11.12
android-gif-drawable,9538,201,39,61,11.65
OpenSearch,9524,40,7,48,3.64
kafka-ui,9512,80,17,25,4.82
spider-flow,9498,41,10,2,4.49
AndroidSlidingUpPanel,9496,143,10,8,11.31
Mycat-Server,9493,246,34,7,9.8
aws-doc-sdk-examples,9435,48,9,0,8.09
feign,9433,946,61,37,11.24
zfile,9432,35,24,61,5.09
PocketHub,9391,26,6,1,13.04
AgentWeb,9234,53,8,21,7.36
cim,9225,168,27,7,6.34
lawnchair,9197,30,5,29,7.56
testing-samples,9183,93,13,0,9.95
AndroidNote,9150,102,19,0,8.72
Signal-Server,9129,17,0,0,10.79
CalendarView,9102,63,17,0,7.53
MaterialDesignLibrary,8993,211,22,3,9.98
VirtualAPK,8978,83,11,4,7.23
android-gpuimage,8975,231,12,0,11.97
sonarqube,8940,33,13,52,13.72
JsonPath,8866,364,6,10,13.67
Aegis,8865,115,8,63,8.1
storm,8839,0,0,0,13.02
Jetpack-MVVM-Best-Practice,8828,99,8,0,4.89
StatusBarUtil,8813,125,6,0,8.6
Android_Data,8726,253,22,0,9.47
EhViewer,8724,44,7,97,10.36
spring-security,8721,0,0,193,12.7
cassandra,8713,0,0,0,15.35
Android-PullToRefresh,8704,42,12,0,12.82
awesome-java-leetcode,8694,163,5,0,7.43
SpringCloud,8680,0,0,0,7.17
starrocks,8676,91,7,118,3.05
Android-SpinKit,8617,49,6,0,8.51
Calligraphy,8589,129,21,4,10.76
buck,8557,31,7,57,11.43
AndResGuard,8527,101,12,4,8.95
junit4,8518,6,1,13,15.7
epoxy,8505,204,18,76,8.12
dropwizard,8498,38,0,164,13.68
jna,8468,137,0,0,13.41
react-native-image-picker,8448,86,19,131,9.29
BottomBar,8418,324,22,4,8.52
shenyu,8414,143,15,10,6.2
Android-Debug-Database,8395,144,18,14,7.85
hsweb-framework,8315,88,9,28,8.68
checkstyle,8297,116,6,149,11.06
GmsCore,8291,18,3,34,10.42
jmeter,8265,173,23,10,14.33
tsunami-security-scanner,8205,81,9,23,4.3
MaterialViewPager,8136,415,40,11,9.41
atlas,8125,41,3,7,7.56
flyway,8124,22,12,226,11.77
AndroidPdfViewer,8120,172,23,0,8.3
shardingsphere-elasticjob,8117,46,7,30,9.03
LitePal,8100,410,29,0,11.59
karate,8087,3293,375,53,7.62
otter,8051,85,0,10,11.12
spring-reading,7997,235,13,0,1.02
testcontainers-java,7973,10,4,76,9.45
SimianArmy,7971,24,5,4,12.21
hugo,7918,61,0,0,10.83
subsampling-scale-image-view,7866,87,13,21,11.08
HomeMirror,7862,62,2,0,9.08
UltimateAndroidReference,7845,548,46,0,7.45
im-server,7844,159,23,98,5.66
material-theme-jetbrains,7832,103,14,17,9.0
flowable-engine,7831,22,9,26,7.94
metrics,7828,25,2,118,14.57
seatunnel,7828,62,24,47,7.13
beam,7780,92,8,44,8.64
RxLifecycle,7715,104,7,22,9.18
XPopup,7711,224,13,221,5.79
kestra,7670,294,16,121,5.08
ysoserial,7652,92,10,1,9.65
pentaho-kettle,7638,89,9,1,10.96
vjtools,7631,27,5,9,6.32
transmittable-thread-local,7597,485,28,58,10.95
MVVMHabit,7582,626,48,3,7.17
MyBookshelf,7563,36,6,165,6.28
FrameworkBenchmarks,7561,45,11,17,11.5
RxJava-Android-Samples,7548,134,26,0,10.17
AndroidAsync,7521,200,12,0,12.08
javacv,7520,263,0,11,10.42
android-classyshark,7511,39,9,17,8.95
tomcat,7494,50,8,0,12.98
hellocharts-android,7435,107,9,14,9.95
react-native-svg,7432,78,13,113,8.68
Shadow,7424,51,11,5,5.28
algs4,7412,44,9,0,9.06
swagger-core,7374,109,10,105,13.22
closure-compiler,7368,621,43,0,10.44
SpringCloud-Learning,7357,140,16,0,8.09
LeetCode,7349,79,20,0,4.7
ShortcutBadger,7347,226,3,0,10.85
graylog2-server,7329,0,0,0,14.35
aeron,7329,59,3,101,10.62
Mapper,7320,38,11,7,9.84
dagger,7306,52,0,0,12.14
Android-Bootstrap,7285,227,11,5,10.89
sweet-alert-dialog,7268,144,4,2,9.93
VBlog,7263,52,17,0,6.74
RePlugin,7252,113,12,19,7.29
TakePhoto,7243,349,35,15,9.14
UltimateRecyclerView,7224,101,16,9,9.65
SDE-Interview-Questions,7214,35,7,1,6.91
agera,7198,45,2,16,8.77
WeChatLuckyMoney,7188,21,7,20,8.98
xmall,7146,139,21,0,7.15
baritone,7132,92,9,77,6.14
ActionBarSherlock,7100,41,1,32,13.55
gocd,7099,14,5,81,10.78
SmartTabLayout,7089,213,9,0,9.61
awesome-low-level-design,7058,73,13,0,0.84
mapstruct,7049,0,0,34,12.32
Timber,6992,42,7,5,9.28
elasticsearch-sql,6990,976,231,246,10.08
nanohttpd,6935,164,17,3,12.12
KnowStreaming,6914,95,5,23,4.51
DroidPlugin,6893,0,0,2,9.07
MinecraftForge,6886,0,0,0,12.65
okhttputils,6877,285,25,0,9.1
error-prone,6822,36,4,47,10.09
rest-assured,6811,66,5,0,13.93
HMCL,6810,41,8,214,9.25
alluxio,6805,94,17,61,11.75
LSPatch,6796,18,8,9,3.56
netty-socketio,6771,220,51,17,12.7
PowerJob,6767,40,10,49,4.52
jvm-sandbox,6761,127,24,13,7.14
walle,6756,119,19,1,7.7
react-native-push-notification,6752,540,50,35,8.77
angel,6728,83,9,19,7.41
AndroidAutoLayout,6675,191,20,0,8.84
JavaTutorial,6669,0,0,1,6.39
AndroidPerformanceMonitor,6660,192,10,0,8.68
mybatis-generator-gui,6659,51,10,16,8.37
rabbitmq-tutorials,6631,42,4,0,14.01
AndPermission,6625,43,3,0,8.03
haven,6615,62,12,37,7.56
storm,6590,0,0,0,10.88
PojavLauncher,6587,98,13,125,4.53
BookReader,6568,42,5,0,8.14
Toasty,6567,142,9,19,7.67
springBoot,6511,27,19,0,7.87
ansj_seg,6479,30,5,3,12.05
processing,6468,28,1,48,11.66
AndroidPicker,6458,385,20,56,8.92
RoundedImageView,6441,97,12,19,11.58
Leaf,6424,64,18,0,5.78
itstack-demo-design,6413,106,10,0,4.34
AndroidProject,6407,71,14,17,5.92
Android-Image-Cropper,6388,117,13,32,9.69
Android-skin-support,6388,303,31,0,7.69
zeppelin,6379,13,4,0,9.5
android-floating-action-button,6375,34,1,0,10.01
springcloud-learning,6356,61,9,0,5.04
Spring-Cloud-Platform,6351,29,18,3,7.33
JimuReport,6340,279,5,21,4.8
WukongCRM-11.0-JAVA,6335,118,27,0,3.46
junit5,6325,64,12,71,9.7
DependencyCheck,6316,248,27,75,12.05
ion,6294,322,25,0,11.34
smali,6294,9,3,0,12.0
wiremock,6287,43,5,44,12.96
JFoenix,6286,167,12,0,9.04
remusic,6277,50,12,0,8.5
AntennaPod,6275,15,6,56,12.15
async-http-client,6271,173,17,3,13.55
gnirehtet,6263,150,18,12,7.62
quartz,6240,0,0,4,8.55
richeditor-android,6232,161,4,0,9.48
jsonschema2pojo,6224,58,2,62,11.25
byte-buddy,6220,283,4,284,10.82
spring-cloud-examples,6217,48,1,0,7.4
from-java-to-kotlin,6191,722,41,0,7.34
iceberg,6181,64,5,22,5.84
config,6150,666,54,1,12.8
SwipeBackLayout,6126,82,0,0,11.08
jOOQ,6109,161,0,59,13.44
MaterialEditText,6106,60,6,19,9.9
graphql-java,6100,18,5,82,9.22
1brc,6096,449,16,0,0.73
hazelcast,6089,101,14,200,12.51
NumberProgressBar,6068,88,8,3,10.4
grafika,6063,180,0,1,10.76
micronaut-core,6043,31,5,248,6.55
EffectiveAndroidUI,6034,70,0,0,10.22
dynamic-load-apk,6025,149,10,0,10.48
smile,6008,238,5,28,9.84
material,6008,98,5,10,9.79
physical-web,5993,23,5,17,9.98
j2objc,5989,50,7,39,10.64
xUtils3,5988,257,19,9,8.9
LeetCode-Book,5987,51,4,0,2.76
Recaf,5953,41,6,169,7.16
androidmvp,5935,5,0,0,10.48
springfox,5928,72,11,12,12.38
material-calendarview,5914,68,14,22,9.62
ssm,5912,5,3,0,8.26
hibernate-orm,5898,0,0,48,13.97
motan,5884,222,9,25,8.42
robolectric,5873,39,7,102,14.07
gephi,5866,70,13,19,12.92
java-jwt,5848,89,11,44,10.55
pig,5836,92,16,18,5.07
blade,5833,576,44,9,9.29
incubator-kie-drools,5832,63,0,4,13.6
useful-java-links,5819,0,0,0,8.61
java-eight-part,5818,101,21,0,3.93
BoomMenu,5808,93,9,0,8.51
btrace,5797,38,15,32,10.07
DiskLruCache,5790,68,0,0,12.72
tcc-transaction,5776,40,8,8,8.8
DiscreteScrollView,5769,161,17,2,7.55
SoloPi,5755,112,21,8,5.53
InfiniteCycleViewPager,5749,161,0,2,8.08
circular-progress-button,5746,68,8,3,10.3
SpringBootVulExploit,5742,946,163,0,4.34
zxing-android-embedded,5733,170,14,9,11.82
springside4,5721,14,4,3,12.58
XXPermissions,5708,283,24,63,6.27
FastHub,5708,159,11,63,7.59
aurora-imui,5708,39,8,42,7.78
u2020,5682,82,0,0,10.86
Fast-Android-Networking,5676,597,39,10,8.5
vavr,5672,21,5,16,10.65
vespa,5632,56,9,163,8.3
AndroidImageSlider,5631,66,12,5,10.31
SwipeRecyclerView,5619,270,18,0,8.14
flink-cdc,5615,86,5,19,4.15
HTextView,5612,107,13,0,8.76
lanproxy,5608,67,30,1,7.84
Discovery,5607,491,13,130,6.25
ShowcaseView,5602,73,0,13,12.11
FlowLayout,5599,94,10,0,9.07
jetlinks-community,5597,79,13,18,4.72
react-native-splash-screen,5596,213,24,12,8.02
Blurry,5584,87,3,0,9.17
ListViewAnimations,5567,106,0,14,11.52
disconf,5562,53,7,12,10.32
datax-web,5562,150,36,5,4.84
google-java-format,5561,122,13,28,9.37
iotdb,5527,298,54,37,5.82
camel,5513,57,6,0,15.35
StickyListHeaders,5508,231,8,16,12.53
Android-ZBLibrary,5508,151,16,25,9.09
mini-spring,5503,53,14,0,3.84
hive,5503,104,0,0,15.35
mosby,5490,63,7,15,9.5
freeline,5481,84,12,22,8.13
hippo4j,5479,75,12,18,3.27
lamp-cloud,5470,168,16,0,6.68
hertzbeat,5469,438,17,22,2.63
barcodescanner,5459,228,1,6,10.58
kafdrop,5458,315,32,48,5.32
api-samples,5438,3,0,0,10.79
uid-generator,5437,220,12,0,7.49
rebound,5435,34,3,10,10.95
scribejava,5432,119,18,9,14.05
MagicCamera,5431,11,5,0,8.71
IJPay,5424,92,9,24,7.39
AndroidVideoCache,5423,141,18,20,9.48
dubbo-spring-boot-project,5406,150,25,13,6.68
EdXposed,5405,38,13,27,5.68
pinot,5401,86,14,19,10.35
javaparser,5380,0,0,52,12.9
android-job,5376,158,11,31,9.09
wechat,5375,48,0,0,9.33
TapTargetView,5369,99,10,24,8.03
SystemBarTint,5363,69,1,3,10.85
lettuce,5360,142,1,114,10.37
spring-boot-projects,5351,146,11,0,7.48
cw-omnibus,5348,0,0,36,12.53
XRecyclerView,5339,209,9,0,8.85
hudi,5335,122,18,28,7.77
austin,5329,79,6,0,2.87
socket.io-client-java,5325,16,5,6,11.4
android-advancedrecyclerview,5318,91,10,1,9.66
JSqlParser,5318,55,7,34,13.25
shimmer-android,5315,32,1,5,9.57
gradle-retrolambda,5300,133,4,37,11.13
FastBle,5289,352,9,9,8.08
generator,5276,15,2,11,11.62
janusgraph,5276,105,6,26,7.74
VitamioBundle,5269,27,1,0,11.93
android-lifecycle,5264,33,4,0,10.43
CompreFace,5264,163,16,11,4.21
AmazeFileManager,5252,81,2,66,10.19
titan,5247,0,0,0,12.58
Side-Menu.Android,5234,129,3,2,9.69
Dexter,5231,223,8,33,8.85
twoway-view,5230,69,0,0,11.68
FloatingActionButton,5228,155,12,14,9.51
MusicBot,5228,41,9,38,8.1
hbase,5199,28,3,43,10.34
QR-Code-generator,5199,0,0,3,8.44
google-authenticator,5191,20,1,0,9.96
BasePopup,5191,92,10,15,8.69
linuxdeploy,5189,40,5,37,12.09
Android-Touch-Helper,5188,19,5,112,3.93
spring-data-examples,5174,0,0,0,10.65
groovy,5173,0,0,0,9.44
okdownload,5165,45,8,8,6.76
otto,5164,47,0,0,12.24
springboot-guide,5155,48,8,0,5.82
traccar,5155,29,6,54,12.44
smartTable,5152,228,14,44,6.87
thumbnailator,5146,36,6,0,9.16
JS-Sorting-Algorithm,5134,39,1,0,7.67
ctci,5130,5,0,0,11.51
jeepay,5081,141,17,0,7.11
web3j,5070,146,1,115,8.05
jetcache,5063,0,0,66,7.45
graphhopper,5055,173,25,43,12.59
views-widgets-samples,5050,8,0,0,5.04
Small,5042,24,4,25,8.82
android-common,5016,61,18,1,12.26
DKVideoPlayer,5013,20,9,32,7.45
UltraViewPager,5002,78,9,10,7.48
dialogplus,5000,176,7,9,9.78
android-zxingLibrary,4998,301,1,0,8.16
GravitySnapHelper,4998,63,10,14,8.06
opentsdb,4991,0,0,26,14.08
InstaMaterial,4991,71,5,1,9.87
Luyten,4990,0,0,17,11.2
spring-mvc-showcase,4985,32,1,0,13.31
LayoutManagerGroup,4980,25,1,0,6.4
joda-time,4973,84,7,48,13.36
dddsample-core,4971,26,5,0,9.64
bitcoinj,4960,0,0,9,10.84
RxJava2-Android-Samples,4959,76,11,0,8.07
sofa-boot,4950,108,16,78,6.47
NavigationTabBar,4947,301,1,13,8.48
CloudReader,4935,235,49,25,7.84
novel,4935,156,14,11,4.86
CameraView,4928,137,3,42,7.18
reactor-core,4926,171,20,185,8.87
RippleEffect,4924,81,7,0,9.94
YCSB,4913,92,0,55,14.43
shopping-management-system,4911,70,8,0,8.85
folding-cell-android,4901,147,6,0,8.48
mapdb,4885,45,0,0,12.1
picocli,4883,299,32,85,7.64
easy-rules,4872,149,17,10,11.54
gpmall,4866,89,16,0,5.18
spring-cloud-netflix,4863,0,0,14,10.2
react-native-linear-gradient,4863,112,21,18,9.48
XUI,4857,229,18,23,5.71
usb-serial-for-android,4833,141,5,31,11.23
wvp-GB28181-pro,4832,109,11,0,3.85
Transitions-Everywhere,4828,50,0,23,9.94
roncoo-pay,4826,75,8,0,8.17
spring-authorization-server,4824,0,0,59,4.51
packer-ng-plugin,4824,0,0,1,8.83
xpay,4819,107,18,0,6.78
pmd,4810,50,7,95,12.2
lucida,4808,348,8,0,10.36
react-native-config,4805,267,26,25,8.58
QLExpress,4796,651,44,5,7.52
reactive-streams-jvm,4794,207,13,0,10.57
armeria,4790,26,4,243,8.85
cglib,4785,13,0,15,10.49
JustTrustMe,4783,0,0,1,10.16
Android-ConvenientBanner,4771,85,4,0,9.75
strimzi-kafka-operator,4770,73,10,141,8.38
nifi,4768,227,20,0,9.78
ignite,4768,26,7,0,9.59
AppManager,4765,74,12,69,4.31
runelite,4764,10,5,0,8.39
AndroidStaggeredGrid,4759,82,7,7,10.79
lwjgl3,4742,153,12,19,11.75
openai-java,4741,156,22,22,4.02
logisim-evolution,4738,101,7,30,10.01
cameraview,4735,42,5,0,8.13
orientdb,4730,56,9,214,11.79
DesignPattern,4728,1133,30,0,7.92
sodium-fabric,4725,47,10,40,4.64
baseAdapter,4725,114,13,0,9.14
android-tips-tricks,4719,0,0,0,8.07
reflections,4712,202,9,3,11.44
java-faker,4709,185,0,0,13.3
SwitchButton,4707,131,2,0,10.04
keepass2android,4705,0,0,27,7.0
ActiveAndroid,4705,43,6,0,11.85
querydsl,4705,46,2,35,13.14
Geyser,4702,30,9,0,5.21
library,4700,648,30,0,5.7
spring-security-oauth,4693,65,10,0,13.16
chuck,4686,49,0,5,7.62
Android-IMSI-Catcher-Detector,4684,71,7,48,10.83
bisq,4683,11,3,138,10.53
midjourney-proxy,4682,76,10,0,1.41
Spring-Boot-In-Action,4682,42,8,0,5.65
TelegramBots,4677,41,9,101,8.69
mall4j,4677,48,15,5,5.22
oshi,4673,140,0,157,12.62
MaterialDateTimePicker,4669,258,46,54,9.72
dynamic-datasource,4668,158,8,18,6.4
mybatis,4665,0,0,0,9.89
cardslib,4664,88,6,27,11.01
shattered-pixel-dungeon,4655,18,1,50,10.15
rstudio,4653,35,0,0,13.79
small-spring,4650,103,11,0,3.35
liquibase,4638,35,14,98,13.21
FirebaseUI-Android,4629,163,18,65,9.21
PageIndicatorView,4622,91,5,14,8.09
wgcloud,4608,45,9,24,5.68
JAViewer,4602,2,2,10,8.34
OsmAnd,4600,99,10,1,13.69
react-native-webrtc,4592,49,8,79,8.99
MifareClassicTool,4584,144,0,8,11.61
mockserver,4580,86,14,0,11.57
megabasterd,4578,12,0,208,7.98
SimplifyReader,4575,88,16,0,9.1
rocketmq-externals,4569,20,23,0,7.53
sqlbrite,4569,136,1,9,9.59
go-lang-idea-plugin,4565,78,10,21,14.07
killbill,4560,21,6,147,11.92
Depth-LIB-Android-,4560,13,5,0,8.41
quasar,4559,37,7,18,11.49
ribbon,4558,110,10,41,11.69
JGrowing,4553,65,48,0,5.57
calcite,4549,31,1,0,10.25
Douya,4549,151,24,11,8.64
microservices-platform,4548,137,9,30,5.55
SpringBoot-Shiro-Vue,4544,56,10,0,6.84
android-crop,4539,47,7,6,10.53
libsvm,4538,0,0,0,11.04
crawler4j,4533,165,17,3,12.73
esProc,4525,31,4,0,2.87
bottomsheet,4520,113,7,10,9.42
JSON-java,4510,67,6,21,13.76
SmoothProgressBar,4509,135,7,9,10.82
jpexs-decompiler,4507,114,26,162,10.37
dexposed,4507,103,0,0,9.23
spring-cloud-gateway,4503,0,0,17,7.85
blog_demos,4497,798,104,0,7.45
langchain4j,4497,44,9,36,1.25
NineOldAndroids,4490,50,1,0,12.79
bilibili-android-client,4490,48,8,1,8.31
Pixiv-Shaft,4484,66,8,100,5.48
ForestBlog,4479,82,17,0,6.96
javacpp,4474,322,9,11,10.42
aviatorscript,4459,76,6,52,13.49
spotless,4458,198,9,3,9.41
TV,4453,125,10,0,2.25
azkaban,4452,46,11,48,11.93
GCViewer,4451,361,5,5,12.92
micrometer,4447,29,7,234,7.45
android-times-square,4446,66,0,0,11.64
simplify,4439,142,21,9,10.68
java-algorithms-implementation,4439,186,16,0,10.84
android-mvp-architecture,4434,71,19,0,7.65
AndroidHttpCapture,4433,64,10,1,7.93
Robust,4414,123,9,13,7.53
concurrent,4413,23,5,0,5.88
spring-boot-best-practice,4404,50,3,0,5.87
epic,4403,100,0,5,7.34
db-tutorial,4390,305,38,0,7.12
GT,4388,50,0,3,8.69
--,4384,43,0,0,4.26
ticker,4382,83,0,9,8.19
objectbox-java,4382,137,14,43,7.66
DeepLinkDispatch,4376,557,26,24,9.28
AndroidTutorialForBeginners,4376,20,2,0,7.99
moco,4357,61,11,1,11.93
leet-code,4355,625,3,0,9.41
BottomNavigation,4351,55,8,16,8.51
opengrok,4342,32,11,280,11.71
BGARefreshLayout-Android,4309,184,14,4,9.32
shiro,4305,18,0,10,15.07
android-volley,4294,30,7,0,11.34
Digital,4292,195,17,35,8.23
maven,4288,71,0,19,15.35
JDA,4288,239,17,92,8.78
ImagePicker,4287,142,10,5,8.65
coursera-android,4284,3,0,0,10.72
android-autofittextview,4270,51,3,1,13.61
CircleIndicator,4266,76,6,7,10.15
flink-recommandSystem-demo,4259,62,7,0,5.36
Gadgetbridge,4242,64,11,0,9.71
Ant-Media-Server,4236,46,9,59,7.56
java-learning,4236,53,7,0,8.62
OpenHub,4235,101,13,31,7.2
InternetArchitect,4234,0,0,0,4.93
frontend-maven-plugin,4232,508,32,0,11.07
ShineButton,4220,145,13,2,8.22
tx-lcn,4211,36,9,14,6.86
WePush,4203,0,0,57,7.25
poi-tl,4197,264,18,14,9.51
dragonwell8,4189,38,9,34,5.55
CoordinatorTabLayout,4185,142,17,0,7.65
JKeyboardPanelSwitch,4184,58,6,14,9.23
typespec,4183,114,8,41,3.22
FloatWindow,4176,135,1,9,6.85
android,4175,56,14,230,8.29
h2database,4174,25,5,23,9.45
failsafe,4171,10,4,0,9.23
BGABanner-Android,4166,178,15,0,9.91
serve,4162,120,35,23,4.97
Infinity-For-Reddit,4159,127,5,166,6.16
jacoco,4157,11,1,48,12.21
powermock,4157,41,4,16,10.32
lilishop,4147,84,40,3,3.36
AndroidWiFiADB,4145,61,0,8,8.93
jitsi,4130,31,9,7,11.41
sensitive-word,4127,663,81,2,4.71
GDA-android-reversing-Tool,4125,117,6,40,6.89
spring-boot-starter,4121,23,11,30,8.99
aws-sdk-java,4113,106,16,0,14.51
hmily,4110,81,10,0,6.98
Tangram-Android,4110,36,14,38,7.48
LoadingDrawable,4101,67,12,0,8.44
javassist,4096,57,4,24,11.33
camunda-bpm-platform,4094,25,13,0,11.72
IoT-Technical-Guide,4090,229,12,0,5.47
ipscan,4087,21,4,30,13.24
campus-imaotai,4087,46,8,11,1.21
ExpandableTextView,4084,85,0,4,10.35
allure2,4082,41,5,71,8.32
djl,4074,94,16,31,4.9
malmo,4067,79,14,21,8.35
ViewPagerCards,4066,21,2,0,8.09
jodd,4063,65,6,37,12.04
open-location-code,4060,78,0,5,9.98
tiny-spring,4046,15,4,0,10.7
crate,4044,0,0,107,11.45
CC,4042,127,13,0,6.83
greys-anatomy,4021,58,11,0,11.84
Bolts-Android,4017,462,21,11,10.65
bistoury,4015,55,11,8,5.14
Phoenix,4014,61,11,1,9.7
QAuxiliary,4013,87,8,42,2.64
FloatingActionButton,4007,198,7,0,10.17
maxwell,4004,25,0,207,9.62
SmartCropper,4004,98,16,13,7.14
TwinklingRefreshLayout,3996,313,42,0,8.56
XCL-Charts,3992,71,0,0,10.29
dubbo-admin,3987,108,11,6,6.7
BadgeView,3986,49,11,5,7.62
Wukong_HRM,3983,151,39,0,0.93
hawk,3981,58,8,22,9.59
BigImageViewer,3979,266,28,0,7.88
chunjun,3978,114,27,30,6.47
Suwayomi-Server,3966,119,29,56,3.74
GuideView,3956,64,1,0,8.26
zotfile,3955,0,0,33,12.73
tech-weekly,3953,91,5,0,5.8
RxJavaSamples,3940,23,2,3,8.5
android-iconify,3928,86,8,0,11.28
interviewGuide,3926,167,6,0,8.42
jstorm,3915,1,0,22,11.05
RichText,3913,63,13,0,9.18
aurora,3910,29,14,0,2.09
java-developer-roadmap,3908,144,8,0,5.42
guide-rpc-framework,3902,175,18,0,4.37
Conductor,3896,92,18,36,8.52
effective-java-3e-source-code,3886,1,2,0,6.13
learning-spark,3882,27,0,0,10.27
XposedInstaller,3875,0,0,0,12.47
LiveEventBus,3868,266,63,0,6.2
dolby_beta,3864,26,11,37,4.34
DataMiningAlgorithm,3854,100,7,0,9.7
incubator-streampark,3854,67,11,27,5.32
XChange,3849,127,18,0,12.64
BackgroundLibrary,3840,248,4,13,6.04
ahbottomnavigation,3835,120,12,14,8.52
jetty.project,3832,43,8,104,13.2
MaterialSearchView,3829,213,11,6,9.02
xboot,3827,110,24,6,6.42
Launcher3,3825,104,50,22,7.32
sofa-rpc,3814,27,9,59,6.45
CircleProgress,3811,131,8,0,9.9
awaitility,3805,25,3,0,14.67
geoserver,3798,28,7,49,12.87
jmonkeyengine,3784,45,5,64,10.51
Leetcode,3778,22,7,0,8.15
TinyPinyin,3778,95,18,2,8.98
MarqueeView,3774,84,13,0,8.31
SuperTextView,3773,359,16,39,7.93
roboguice,3771,123,2,0,12.11
DSBridge-Android,3766,0,0,2,7.72
screw,3764,322,22,0,4.25
unidbg,3762,49,6,15,5.57
IDDD_Samples,3762,82,0,0,11.46
andOTP,3755,116,22,38,7.22
mpush,3753,245,35,9,8.4
MallChat,3746,126,15,0,1.52
sticky-headers-recyclerview,3742,95,0,0,9.97
oblivion,3742,34,12,11,0.62
dynamic-tp,3739,138,12,14,2.7
CustomActivityOnCrash,3737,236,14,12,10.22
blurkit-android,3721,98,8,3,7.88
spruce-android,3718,169,23,3,7.58
java-tron,3714,131,14,77,6.74
SwipeDelMenuLayout,3713,177,10,2,8.08
leetcode-editor,3712,109,9,55,5.51
AndServer,3708,124,6,1,8.27
novel-plus,3708,58,11,23,4.39
NoHttp,3707,574,31,0,9.15
ripme,3703,74,11,126,7.71
StylishMusicPlayer,3701,23,4,0,8.02
markor,3700,170,33,72,7.07
automq,3699,174,13,39,1.1
fastjson2,3687,267,28,54,2.43
atmosphere,3685,37,12,0,14.24
ASimpleCache,3683,30,5,0,11.16
ChatKit,3680,81,12,1,7.64
bitcoin-wallet,3679,23,8,18,12.48
rejoiner,3671,104,12,3,6.79
Skeleton,3669,47,7,0,7.15
Terasology,3665,124,8,70,13.56
groupie,3664,190,18,28,8.05
Play-with-Algorithms,3660,197,5,0,8.21
ByteLegend,3652,78,17,0,3.64
android-common,3650,93,2,0,10.32
incubator-heron,3647,38,8,56,8.99
Linkage-RecyclerView,3639,105,8,0,5.42
My-Blog,3636,102,13,0,5.55
kylin,3634,19,3,0,9.72
databus,3633,43,10,0,11.76
NullAway,3620,91,12,20,7.05
Aliucord,3620,65,9,14,3.56
react-native-share,3617,26,3,121,8.98
emojicon,3612,76,11,2,10.68
light-4j,3609,82,21,186,8.03
ExplosionField,3600,23,3,0,9.0
ShedLock,3597,1064,179,0,7.78
DropDownMenu,3589,48,6,2,9.25
BannerViewPager,3588,55,17,56,7.49
android-stackblur,3585,80,0,0,11.11
undertow,3581,16,0,5,12.18
sofa-jraft,3569,96,10,31,5.55
data-transfer-project,3567,13,8,61,6.71
Alink,3566,207,25,22,5.98
parceler,3562,0,0,0,11.22
pixel-dungeon,3557,11,0,0,10.16
chatgpt-java,3554,242,17,24,1.79
FlexibleAdapter,3552,135,25,30,9.39
JCTools,3552,96,0,18,10.87
netty-learning,3551,33,16,0,11.01
NewbieGuide,3551,267,24,20,7.15
MagicaSakura,3550,193,9,3,8.25
Android-BluetoothKit,3550,297,22,0,8.96
jabref,3546,62,10,43,10.54
ThreeTenABP,3544,62,0,0,9.22
android-maps-utils,3544,247,19,42,11.35
retrolambda,3544,335,42,0,11.18
floatingsearchview,3543,172,2,0,8.84
AppUpdate,3542,138,10,3,7.26
java,3540,23,5,46,7.37
hackpad,3538,120,5,0,9.11
spock,3538,0,0,24,13.78
vertx-examples,3538,0,0,0,9.58
RecyclerViewPager,3533,137,16,10,9.68
Store,3528,231,23,0,7.81
shopizer,3524,95,5,18,11.84
Music-Player,3519,36,4,2,8.38
tablesaw,3518,51,10,79,8.73
Android,3518,0,0,0,11.06
jackson-databind,3514,456,28,0,12.75
mlkit,3513,2,1,1,4.32
OpenPDF,3512,114,19,73,8.2
SwipeMenuListView,3508,148,9,2,10.08
RoaringBitmap,3502,404,0,24,11.27
bundletool,3499,29,2,60,6.39
GeekNews,3495,90,24,0,8.13
BlurView,3489,67,7,28,8.42
helidon,3488,82,14,106,6.07
grpc-spring,3479,175,12,34,7.73
LoadSir,3472,253,20,6,7.05
libstreaming,3472,155,16,0,11.64
JavaSourceCodeLearning,3471,124,2,0,4.3
spotbugs,3460,21,4,64,7.88
PreviewSeekBar,3456,171,16,10,7.66
BottomNavigationViewEx,3455,189,24,19,7.86
spring-cloud-kubernetes,3452,0,0,17,7.77
Telegram-X,3448,76,14,4,3.09
SeeWeather,3448,90,10,2,8.59
JavaEETest,3447,44,4,0,7.78
SSM,3444,132,8,10,8.25
ShadowLayout,3439,375,19,27,5.21
grobid,3438,0,0,21,12.03
android-hidden-api,3436,42,5,1,9.02
AlgoDS,3434,117,17,0,7.76
giffun,3434,30,3,0,5.65
initializr,3430,0,0,16,11.3
openhab1-addons,3427,4,1,14,11.01
immutables,3422,43,2,11,11.21
RxAndroidBle,3419,340,49,58,8.63
Android-Week-View,3418,188,0,4,10.02
brigadier,3414,87,10,3,10.02
fernflower,3411,61,6,0,9.97
android-priority-jobqueue,3402,264,19,0,10.26
ftgo-application,3399,0,0,0,6.92
migration,3395,1303,183,0,4.7
LQRWeChat,3395,98,20,0,7.62
QNotified,3394,86,11,28,5.5
kubernetes-client,3390,429,24,114,9.21
yacy_search_server,3383,90,9,0,9.51
android-butterknife-zelezny,3380,19,6,8,10.75
volley,3376,3,1,9,7.66
AutoDispose,3368,13,2,4,7.75
MyBatis-Spring-Boot,3366,77,14,0,8.76
akhq,3359,65,6,41,6.03
marshalsec,3358,65,10,0,7.34
BubbleSeekBar,3356,132,9,12,7.88
http-request,3353,185,28,0,12.92
logging-log4j2,3349,0,0,9,11.28
MyPerf4J,3347,78,16,23,6.53
syncthing-android,3346,71,9,329,10.58
DDComponentForAndroid,3335,60,8,4,7.04
pdfsam,3333,31,0,61,11.0
ScalingLayout,3333,63,9,4,6.98
archi,3328,28,7,0,9.03
red5-server,3328,102,9,91,10.84
ffmpeg-android-java,3321,18,6,8,10.03
Iris,3320,41,10,139,3.91
incubator-kie-optaplanner,3315,0,0,4,13.6
learning-note,3313,108,15,0,4.27
FlatLaf,3313,251,15,82,5.09
AxonFramework,3309,73,4,123,12.81
jvm-tools,3308,87,0,0,12.41
chatgpt-java,3307,242,20,10,1.61
igniter,3307,7,3,33,5.87
99-problems,3306,8,2,0,8.84
SuperTextView,3304,813,88,33,7.43
linkis,3294,121,24,31,5.17
android,3293,40,11,33,9.97
actor-platform,3286,0,0,97,9.26
jvm-serializers,3286,0,0,0,14.42
leetcode,3277,447,20,0,7.54
openj9,3271,91,0,48,7.08
LeafPic,3265,31,9,7,8.71
Chronicle-Queue,3261,0,0,511,11.31
SurveyKing,3259,112,13,3,3.04
UETool,3258,98,11,10,6.35
hope-boot,3256,30,5,2,5.93
PRDownloader,3254,127,16,7,6.86
springdoc-openapi,3252,153,24,79,5.2
sndcpy,3249,73,10,2,4.28
maestro,3248,32,10,0,0.43
ChipsLayoutManager,3247,0,0,11,8.13
Cockroach,3245,100,6,1,7.6
Android-Tips,3238,427,118,0,9.04
librec,3237,78,11,3,10.7
jfinal,3235,98,5,0,12.41
react-native-notifications,3231,28,5,28,8.46
javacore,3230,110,9,0,7.1
my-site,3230,35,7,0,6.39
cyberduck,3229,154,22,0,7.67
GalleryFinal,3228,213,14,4,9.01
concurrency-limits,3228,68,14,100,6.78
camunda,3224,61,9,300,8.51
android-saripaar,3223,162,0,3,12.04
LoganSquare,3211,49,7,0,9.6
AndroidViewHover,3210,91,12,4,10.13
